{"TRXUSDT": {"consecutive_losses": 18, "blocked_until": 1777043933.4179416}, "PENGUUSDT": {"consecutive_losses": 1, "blocked_until": 1777003693.0392268}, "METUSDT": {"consecutive_losses": 2, "blocked_until": 1777076118.7618766}, "BIOUSDT": {"consecutive_losses": 1, "blocked_until": 1777164664.4294398}}