{"THETAUSDT": {"consecutive_losses": 2, "blocked_until": 1777432292.8703096}, "SANDUSDT": {"consecutive_losses": 2, "blocked_until": 1777435332.8704767}}